<assembly xmlns="http://maven.apache.org/plugins/maven-assembly-plugin/assembly/1.1.3" xmlns:xsi="http://www.w3.org/2001/XMLSchema-instance"
    xsi:schemaLocation="http://maven.apache.org/plugins/maven-assembly-plugin/assembly/1.1.3 http://maven.apache.org/xsd/assembly-1.1.3.xsd">

    <id>config-files</id>

    <formats>
        <format>tar.gz</format>
    </formats>

    <fileSets>
        <fileSet>
            <directory>src/main/resources</directory>
            <outputDirectory></outputDirectory>
            <includes>
                <include>*-production.yml</include>
            </includes>
        </fileSet>
    </fileSets>
</assembly>